
{
  "antilink": {
    "18295848057:33@s.whatsapp.net": {
      "120363419445192475@g.us": true
    },
    "50582202604:30@s.whatsapp.net": {
      "120363340622410573@g.us": true
    }
  },
  "welcome": {
    "50582202604:30@s.whatsapp.net": {
      "120363340622410573@g.us": true
    },
    "5219642102682:3@s.whatsapp.net": {
      "120363267259268526@g.us": true,
      "120363327071382985@g.us": true
    }
  },
  "modoadmins": {
    "15167096032:20@s.whatsapp.net": {
      "120363401112179856@g.us": true
    }
  }
}
